<?xml version="1.0" encoding="UTF-8"?>

<mule xmlns:core="http://www.mulesoft.org/schema/mule/core" xmlns:sqs="http://www.mulesoft.org/schema/mule/sqs" xmlns:ee="http://www.mulesoft.org/schema/mule/ee/core"
	xmlns="http://www.mulesoft.org/schema/mule/core"
	xmlns:doc="http://www.mulesoft.org/schema/mule/documentation" xmlns:xsi="http://www.w3.org/2001/XMLSchema-instance" xsi:schemaLocation="http://www.mulesoft.org/schema/mule/core http://www.mulesoft.org/schema/mule/core/current/mule.xsd http://www.mulesoft.org/schema/mule/core http://www.mulesoft.org/schema/mule/core/current/mule.xsd
http://www.mulesoft.org/schema/mule/ee/core http://www.mulesoft.org/schema/mule/ee/core/current/mule-ee.xsd
http://www.mulesoft.org/schema/mule/sqs http://www.mulesoft.org/schema/mule/sqs/current/mule-sqs.xsd">
	<flow name="common-services:audit" doc:id="b12605dc-92c2-4b98-99ef-867a514a5538" >
		<logger level="INFO" doc:name="Logger" doc:id="aaa69faa-dddf-4e56-adce-35612a5dd035" message="#[vars.parent_correlation_id] : Audit invocation received #[message.id]" category="com.cummins.esb"/>
		<set-variable value="${aws.queue.audit.url}" doc:name="queueURL" doc:id="10d1e4d1-80a5-403f-aa4f-cb262afca93d" variableName="queueURL"/>
		<set-variable value="${aws.queue.audit.messageGroupId}" doc:name="messageGroupId" doc:id="441a90b5-dc6e-4d59-90f8-9d990270afae" variableName="messageGroupId" />
		<ee:transform doc:name="preparePayload" doc:id="dc47f0b6-2d7d-4164-8e97-3c38fa4e2a6c" >
			<ee:message >
				<ee:set-payload ><![CDATA[%dw 2.0
output application/json
---
{
	task: "AUDIT",
	host: server.host default "N.A.",
	apiLayer: "${interface.layer}" default "N.A.",
	timestamp: now() as String {format: "yyyy-MM-dd HH:mm:ss.S"} default "N.A.",
	transactionLevel: attributes.transactionLevelRef default "N.A.",
	level: attributes.levelRef default "N.A.",
	interfaceName: "${interface.name}" default "N.A.",
	source: vars.source default "N.A.",
	target: vars.target default "N.A.",
	resourceIdentifier: attributes.flowRef default "N.A.",
	traceId: vars.traceIdRef default "N.A.",
	parentCorrelationId: vars.parent_correlation_id default "N.A.",
	header: attributes.headersRef default "N.A.",
	payloadData: attributes.payloadRef default "N.A."
}]]></ee:set-payload>
			</ee:message>
		</ee:transform>
		<flow-ref doc:name="common-services:pushToQueue" doc:id="49bd47f2-d5a0-482a-af3f-de8603a66b39" name="common-services:pushToQueue" />
		<error-handler >
			<on-error-continue enableNotifications="true" logException="true" doc:name="On Error Continue" doc:id="a2e6ceea-2bf9-4e12-b2b1-94d662c917ce" >
				<logger level="ERROR" doc:name="Logger" doc:id="30ddcb15-a7cb-403d-9bd4-b2db81b46142" message="#[vars.parent_correlation_id] : Error occured while processing Audit flow : #[error.description]" category="com.cummins.esb"/>
			</on-error-continue>
		</error-handler>
	</flow>
	<flow name="common-services:pushToQueue" doc:id="b3d9cd90-99a2-4501-8ccb-311a85b42d7a" >
		<logger level="INFO" doc:name="Logger" doc:id="b5fc92e5-9716-4120-888d-7dcbbb6e94bc" message="#[vars.parent_correlation_id] : Pushing message to data queue" category="com.cummins.esb"/>
		<ee:transform doc:name="formatToJSON String" doc:id="818d749f-1caa-44c8-beed-aad678588a11" >
			<ee:message >
				<ee:set-payload ><![CDATA[%dw 2.0
output application/java
---
{
	delaySeconds: 0,
	body: (write(payload, "application/json") replace "\n" with ""),
	groupId: vars.messageGroupId,
	messageAttributes: {
		"correlationId": {
			"stringValue" : vars.parent_correlation_id default "0000-0000-0000-0000",
			"dataType" : "String.correlationId"
		} as Object {
			class: "org.mule.extension.sqs.api.model.MessageAttributeValue"
		}
    }
} as Object {
	class: "org.mule.extension.sqs.api.model.Message"
}]]></ee:set-payload>
			
</ee:message>
		</ee:transform>
		<logger level="INFO" doc:name="Logger" doc:id="4f012931-d21e-4110-8f08-f8565492fedf" message="#[vars.parent_correlation_id] : #[write(payload, 'application/json')]" category="com.cummins.esb"/>
		<logger level="INFO" doc:name="Logger" doc:id="7b8449a2-6fe4-42fb-bbfd-b8047df5f9cc" message="#[vars.queueURL]" category="com.cummins.esb"/>
		<sqs:send-message doc:name="Send message" doc:id="6bf5552c-a816-4793-b12a-afe7f8e6416b" config-ref="Amazon_SQS_Configuration" queueUrl="#[vars.queueURL]"/>
		<set-payload value="Message Sent to SQS" doc:name="Set Payload" doc:id="d164027e-a502-4a61-8389-d20e3b5e13e5" />
		<error-handler >
			<on-error-continue enableNotifications="true" logException="true" doc:name="On Error Continue" doc:id="66f98a3c-0653-42d1-abbe-75c5b701d5d9" type="ANY">
				<logger level="ERROR" doc:name="Logger" doc:id="da532983-bd4c-49cd-b778-f2709fd2f9b7" message="#[vars.parent_correlation_id] : Error occured while processing message to queue : #[error.description]" category="com.cummins.esb"/>
			</on-error-continue>
		</error-handler>
	</flow>
</mule>
