<?xml version="1.0" encoding="UTF-8"?>

<mule xmlns:apikit-soap="http://www.mulesoft.org/schema/mule/apikit-soap"
	xmlns:vm="http://www.mulesoft.org/schema/mule/vm" xmlns:http="http://www.mulesoft.org/schema/mule/http"
	xmlns:sqs="http://www.mulesoft.org/schema/mule/sqs" xmlns:ee="http://www.mulesoft.org/schema/mule/ee/core"
	xmlns="http://www.mulesoft.org/schema/mule/core"
	xmlns:doc="http://www.mulesoft.org/schema/mule/documentation" xmlns:xsi="http://www.w3.org/2001/XMLSchema-instance" xsi:schemaLocation="
http://www.mulesoft.org/schema/mule/http http://www.mulesoft.org/schema/mule/http/current/mule-http.xsd 
http://www.mulesoft.org/schema/mule/ee/core http://www.mulesoft.org/schema/mule/ee/core/current/mule-ee.xsd http://www.mulesoft.org/schema/mule/core http://www.mulesoft.org/schema/mule/core/current/mule.xsd
http://www.mulesoft.org/schema/mule/sqs http://www.mulesoft.org/schema/mule/sqs/current/mule-sqs.xsd
http://www.mulesoft.org/schema/mule/vm http://www.mulesoft.org/schema/mule/vm/current/mule-vm.xsd
http://www.mulesoft.org/schema/mule/apikit-soap http://www.mulesoft.org/schema/mule/apikit-soap/current/mule-apikit-soap.xsd">
	<error-handler name="sync-error-handler-with-propagate-option"
		doc:id="06498b21-1e75-4090-8e11-d9c61ef2b71a">

		<on-error-propagate enableNotifications="true"
			logException="true" doc:name="On Error Propagate(TECHNICAL)" doc:id="e5bd6b18-8f5b-44ba-bfe2-077a44cea36a"
			type="HTTP:CONNECTIVITY, HTTP:SERVICE_UNAVAILABLE, HTTP:TIMEOUT, STREAM_MAXIMUM_SIZE_EXCEEDED">

			<logger level="INFO" doc:name="Logger"
				doc:id="1ebbd32f-525b-47ea-9a21-60cfae494b2a" message="APPLICATION &lt;#[app.name]&gt; :: ERRORED :: ERROR HANDLER &lt;#[flow.name]&gt; :: TECHNICAL EXCEPTION" />

			<set-variable value='TECHNICAL' doc:name="Set errorCategory" doc:id="8f6b32d0-a319-4a6e-94e0-f214e95d542f" variableName="errorCategory"/>
			<async doc:name="Async" doc:id="d525a8a2-c2dc-46c5-a4ea-83e0e9ad1c78" >
				<flow-ref doc:name="Flow Reference:error-handling:processExceptionFlow" doc:id="9afe9e64-74cc-464e-8002-0092ff0c9802" name="error-handling:processExceptionFlow" />
			</async>

		
</on-error-propagate>

		<on-error-propagate enableNotifications="true"
			logException="true" doc:name="On Error Propagate(BUSINESS)" doc:id="4785a4e6-6275-4aae-b372-9590b3be6ad7"
			type="HTTP:BAD_REQUEST, HTTP:FORBIDDEN, HTTP:METHOD_NOT_ALLOWED, HTTP:NOT_ACCEPTABLE, HTTP:NOT_FOUND, HTTP:SECURITY, HTTP:UNAUTHORIZED, HTTP:UNSUPPORTED_MEDIA_TYPE">

			<logger level="INFO" doc:name="Logger"
				doc:id="71f369b6-b34c-4024-bf18-4f1d849f5d3b" message="APPLICATION &lt;#[app.name]&gt; :: ERRORED :: ERROR HANDLER &lt;#[flow.name]&gt; :: BUSINESS EXCEPTION" />

			<set-variable value='BUSINESS' doc:name="Set errorCategory" doc:id="88d8e55b-f2b7-49b5-aa1e-bcf8b3cb5e8d" variableName="errorCategory" />
			<async doc:name="Async" doc:id="bb781125-9104-4400-a213-d33724f9d00d" >
				<flow-ref doc:name="Flow Reference:error-handling:processExceptionFlow" doc:id="fa74af45-e654-4784-949d-c7be5686d192" name="error-handling:processExceptionFlow" />
			</async>

		
</on-error-propagate>

		<on-error-propagate enableNotifications="true"
			logException="true" doc:name="On Error Propagate(GENERIC)"
			doc:id="f94f5b3a-67f6-4a73-b598-be13dd8235bc" type="ANY">

			<logger level="INFO" doc:name="Logger"
				doc:id="c297835f-f070-4487-9728-11d587db51e9" message="APPLICATION &lt;#[app.name]&gt; :: ERRORED :: ERROR HANDLER &lt;#[flow.name]&gt; :: GENERIC EXCEPTION" />

			<set-variable value='GENERIC' doc:name="Set errorCategory" doc:id="d20d1ca5-e23f-4ebb-956b-69a52134ef04" variableName="errorCategory" />
			<async doc:name="Async" doc:id="866218ee-df04-4069-95aa-dbd91f69338f" >
				<flow-ref doc:name="Flow Reference:error-handling:processExceptionFlow" doc:id="a73241e9-df19-4ce0-91f3-aecaec48e9bf" name="error-handling:processExceptionFlow" />
			</async>

		
</on-error-propagate>




	</error-handler>

	<error-handler name="sync-error-handler-with-continue-option"
		doc:id="06498b21-1e75-4090-8e11-d9c61ef2b71a">

		<on-error-continue enableNotifications="true"
			logException="true" doc:name="On Error Continue(TECHNICAL)" doc:id="e5bd6b18-8f5b-44ba-bfe2-077a44cea36a"
			type="HTTP:CONNECTIVITY, HTTP:SERVICE_UNAVAILABLE, HTTP:TIMEOUT, STREAM_MAXIMUM_SIZE_EXCEEDED">

			<logger level="INFO" doc:name="Logger" doc:id="1a95f65d-b3a0-4270-8aa7-78378ca9c3f1" message="APPLICATION &lt;#[app.name]&gt; :: ERRORED :: ERROR HANDLER &lt;#[flow.name]&gt; :: TECHNICAL EXCEPTION" />
			<set-variable value='TECHNICAL' doc:name="Set errorCategory" doc:id="dd9209bf-c392-4ea5-b322-34f8ae3228df" variableName="errorCategory" />
			<async doc:name="Async" doc:id="a4a8b6f7-97d9-482f-a0a3-acb121949097" >
				<flow-ref doc:name="error-handling:processExceptionFlow" doc:id="65e084da-0932-4bcb-95ab-dce8ad328c26" name="error-handling:processExceptionFlow" />
			</async>
			<flow-ref doc:name="error-handling:sendErrorResponseFlow" doc:id="c65f03ea-9cf1-460d-a1bc-ba53a5f1e198" name="error-handling:sendErrorResponseFlow" />

		
</on-error-continue>

		<on-error-continue enableNotifications="true"
			logException="true" doc:name="On Error Continue(BUSINESS)" doc:id="4785a4e6-6275-4aae-b372-9590b3be6ad7"
			type="HTTP:BAD_REQUEST, HTTP:FORBIDDEN, HTTP:METHOD_NOT_ALLOWED, HTTP:NOT_ACCEPTABLE, HTTP:NOT_FOUND, HTTP:SECURITY, HTTP:UNAUTHORIZED, HTTP:UNSUPPORTED_MEDIA_TYPE">

			<logger level="INFO" doc:name="Logger" doc:id="54dd4a67-de33-421e-9e39-0b038332a594" message="APPLICATION &lt;#[app.name]&gt; :: ERRORED :: ERROR HANDLER &lt;#[flow.name]&gt; :: BUSINESS EXCEPTION" />
			<set-variable value='BUSINESS' doc:name="Set errorCategory" doc:id="edf1b31c-56cf-46b5-8dee-68d292af5a6d" variableName="errorCategory" />
			<async doc:name="Async" doc:id="2feac2b5-7ee9-407e-92c5-1ea4e8b765b5" >
				<flow-ref doc:name="error-handling:processExceptionFlow" doc:id="a5d3db84-7705-4e34-b47c-ed78afed5931" name="error-handling:processExceptionFlow" />
			</async>
			<flow-ref doc:name="error-handling:sendErrorResponseFlow" doc:id="990f5c2d-6425-4bd2-87ef-727aa705d929" name="error-handling:sendErrorResponseFlow"/>

		
</on-error-continue>

		<on-error-continue enableNotifications="true"
			logException="true" doc:name="On Error Continue(GENERIC)" doc:id="f94f5b3a-67f6-4a73-b598-be13dd8235bc"
			type="ANY">

			<logger level="INFO" doc:name="Logger" doc:id="a3b6abd9-5e6d-4756-a619-47f9d1127f34" message="APPLICATION &lt;#[app.name]&gt; :: ERRORED :: ERROR HANDLER &lt;#[flow.name]&gt; :: GENERIC EXCEPTION" />
			<set-variable value='GENERIC' doc:name="Set errorCategory" doc:id="85986464-62aa-41fb-9840-cdc3d2dd3155" variableName="errorCategory" />
			<async doc:name="Async" doc:id="a093540f-4192-42b9-b92d-154fd9610ed0" >
				<flow-ref doc:name="error-handling:processExceptionFlow" doc:id="caab705c-faca-4019-83da-7e57b9b88856" name="error-handling:processExceptionFlow" />
			</async>
			<flow-ref doc:name="error-handling:sendErrorResponseFlow" doc:id="7a7778a1-76a0-45b2-8647-01e81b877fbf" name="error-handling:sendErrorResponseFlow" />

		
</on-error-continue>
	
	</error-handler>
	<flow name="error-handling:processExceptionFlow" doc:id="3ea7ffa4-1192-4136-94d0-bf0fd107badf" >
		<logger level="INFO" doc:name="Log Error Process Start" doc:id="4c9eaca4-d1a4-4df0-a597-a28c6ce024f9" message="ERROR PROCESS :: #[flow.name] :: STARTED" />
		<ee:transform doc:name="Create Error Message" doc:id="9200738a-80d0-45cc-ab9c-16fd63aa0713">
					<ee:message>
						<ee:set-payload><![CDATA[%dw 2.0
output application/json
---
{
	error: {
		description: error.description,
		errorType: error.errorType,
		cause: error.cause,
		errorMessage: error.errorMessage,
		childErrors: error.childErrors,
		errorDateTime: now() as DateTime {format: "yyyy-MM-dd'T'HH:mm:ss"},
		appName: app.name,
		muleNodeId: mule.nodeId,
		correlationId: vars.correlationId default correlationId,
		instanceId: correlationId,
		errorCategory: vars.errorCategory
	}
}]]></ee:set-payload>
					</ee:message>
				</ee:transform>
		<ee:transform doc:name="Convert Error Message To String" doc:id="d45a0d80-c554-4918-9ae5-a3c88d9b227f">
					<ee:message>
						<ee:set-payload><![CDATA[ %dw 2.0
  output application/java
  ---
  write(payload, "application/json")]]></ee:set-payload>
					</ee:message>
				</ee:transform>
		<ee:transform doc:name="Transform SQS Message Format" doc:id="ca715fbb-f8c7-4cec-8153-f8f7506a9344">
					<ee:message>
						<ee:set-payload><![CDATA[%dw 2.0
output application/java
---
{
	body: payload as String,
	delaySeconds: 0,
	groupId: "muleErrorGroup",
	messageAttributes: {
		"correlationId": {
			"stringValue" : vars.correlationId default "0000-0000-0000-0000",
			"dataType" : "String.correlationId"
		} as Object {
			class: "org.mule.extension.sqs.api.model.MessageAttributeValue"
		}
	} as Object {
		class: "java.util.HashMap"
	}
} as Object {
	class: "org.mule.extension.sqs.api.model.Message"
}]]></ee:set-payload>
					</ee:message>
				</ee:transform>
		<sqs:send-message doc:name="Send SQS Message" doc:id="89b6ec19-4111-40ba-8363-24487fcd667f" config-ref="Amazon_SQS_Configuration" queueUrl="${awsMulesoftSQS.errorQueueURL}">
				</sqs:send-message>
		<logger level="INFO" doc:name="Log Error Process End" doc:id="244ee43c-3b50-4e84-a3e5-bba0c08c6624" message="ERROR PROCESS :: #[flow.name] :: FINISHED" />
		<error-handler >
			<on-error-propagate enableNotifications="true" logException="true" doc:name="On Error Propagate" doc:id="2badb70b-79cc-457b-abd0-fd2b0d66d45d" >
				<logger level="INFO" doc:name="Log Exception Framework Error" doc:id="7db54004-137b-4a16-950e-30073531cad6" message="Error in core-error-handling-framework :: CRITICAL" />
				<ee:transform doc:name="Email Format" doc:id="ecdb879a-8c98-4b03-ac78-728b4abbd08b">
					<ee:message>
						<ee:set-payload><![CDATA[%dw 2.0
output application/json
---
{
		subject: "ERROR IN SENDING ERROR MESSAGE TO SQS - Please investigate ASAP.",
		body:
		 " ***** Mule Environment: " ++ p('mule.env') default "" ++ 
		 " ***** Error Description:" ++ (error.description default "No error description"),
		toAddresses: p('emailAddress.defaultNotificationReceiver'),
		fromAddress: p('emailAddress.defaultSender'),
		ccAddresses: null,
		bccAddresses: null,
		mimeType: "text/html"
	}
]]></ee:set-payload>
					</ee:message>
					<ee:variables>
					</ee:variables>
				</ee:transform>
				<http:request method="POST" doc:name="Invoke standard-email-notification-sapi" doc:id="e8ac7410-1ad5-4340-a0d6-69efd5f872bc" config-ref="HTTP_Request_configuration_standard-email-notification-sapi" path="${standard-email-notification-sapi.path}" />
			</on-error-propagate>
		</error-handler>
			
	</flow>
	<sub-flow name="error-handling:sendErrorResponseFlow" doc:id="f5258220-d25e-46be-99de-5e8b2b4e0646">

		<ee:transform doc:name="Set Error Response" doc:id="c2bb44d7-faaa-4584-8f23-9a5d096ec8ea">

			<ee:message>

				<ee:set-payload><![CDATA[%dw 2.0
output application/xml
ns soap http://schemas.xmlsoap.org/soap/envelope/
---
{
  soap#Fault: {
    faultcode: "soap:Server",
    faultstring: error.description,
    detail: {
        correlationId: vars.correlationId default correlationId,
  		message: if(error.errorMessage.payload is Object) error.errorMessage.payload.message else error.description
	}
  }
}]]></ee:set-payload>

			</ee:message>
			<ee:variables >
				<ee:set-variable variableName="httpStatus" ><![CDATA[%dw 2.0
output application/java
---
error.muleMessage.typedAttributes.statusCode default 500]]></ee:set-variable>
			</ee:variables>

		
</ee:transform>
		<apikit-soap:fault doc:name="SOAP Fault" doc:id="be7d42e6-de7b-4099-87a7-7118fa0ee4fc" config-ref="soapkit-config" operation="creditManagement" fault="credit"/>

	</sub-flow>


</mule>
