<?xml version="1.0" encoding="UTF-8" standalone="no"?>
<mule xmlns="http://www.mulesoft.org/schema/mule/core" xmlns:apikit-soap="http://www.mulesoft.org/schema/mule/apikit-soap" xmlns:doc="http://www.mulesoft.org/schema/mule/documentation" xmlns:ee="http://www.mulesoft.org/schema/mule/ee/core" xmlns:http="http://www.mulesoft.org/schema/mule/http" xmlns:xsi="http://www.w3.org/2001/XMLSchema-instance" xsi:schemaLocation="http://www.mulesoft.org/schema/mule/core http://www.mulesoft.org/schema/mule/core/current/mule.xsd http://www.mulesoft.org/schema/mule/http http://www.mulesoft.org/schema/mule/http/current/mule-http.xsd http://www.mulesoft.org/schema/mule/apikit-soap http://www.mulesoft.org/schema/mule/apikit-soap/current/mule-apikit-soap.xsd http://www.mulesoft.org/schema/mule/ee/core http://www.mulesoft.org/schema/mule/ee/core/current/mule-ee.xsd">
    <flow name="api-main">
        <http:listener path="${api.path}" config-ref="MULE_HTTPS_Listener_config">
            <http:response statusCode="#[attributes.protocolHeaders.httpStatus default 200]"/>
            <http:error-response statusCode="#[attributes.protocolHeaders.httpStatus default 500]">
                <http:body><![CDATA[#[payload]]]></http:body>
            </http:error-response>
        </http:listener>
		<set-variable value="#[correlationId]" doc:name="Set Correlation Id" doc:id="abb5f84e-74ee-4fbb-a33d-4b5f357f202b" variableName="correlationId" />
        <async doc:name="asyncCall" doc:id="a5167890-c398-40c4-94d7-00b189f2a141">
			<ee:transform doc:name="Transform Message" doc:id="3fb0f736-410a-4c1d-b73c-6ac1c3d29779">
				<ee:message>
					<ee:set-attributes><![CDATA[%dw 2.0
output application/java
var mimeType = 'application/json'
---
{
	transactionLevelRef: 'Flow Start. GOMS-DBS Credit Management request processed',
	levelRef: 'ENTRY',
	flowRef: 'api-main',
	headersRef: 'GOMS-DBS Credit Management Request',
	payloadref: (write(payload, mimeType) replace "\n" with "")
}]]></ee:set-attributes>
				</ee:message>
			</ee:transform>
			<flow-ref doc:name="common-services:audit" doc:id="39a06a90-3881-4101-83a3-6b8d01e77426" name="common-services:audit" />
		</async>
		<apikit-soap:router config-ref="soapkit-config">
            <apikit-soap:attributes><![CDATA[#[%dw 2.0
              output application/java
              ---
              {
                  headers: attributes.headers,
                  method: attributes.method,
                  queryString: attributes.queryString
            }]]]></apikit-soap:attributes>
        </apikit-soap:router>
    </flow>
	<flow name="creditManagement:\soapkit-config">
		<flow-ref doc:name="implementation:mainFlow" doc:id="13f27a94-8f8d-462b-8733-18d3eb2b8176" name="implementation:mainFlow"/>
		<error-handler ref="sync-error-handler-with-continue-option" />
    </flow>
</mule>
