<?xml version="1.0" encoding="UTF-8"?>

<mule xmlns:xml-module="http://www.mulesoft.org/schema/mule/xml-module" xmlns:validation="http://www.mulesoft.org/schema/mule/validation"
	xmlns:http="http://www.mulesoft.org/schema/mule/http"
	xmlns:ee="http://www.mulesoft.org/schema/mule/ee/core" xmlns="http://www.mulesoft.org/schema/mule/core" xmlns:doc="http://www.mulesoft.org/schema/mule/documentation" xmlns:xsi="http://www.w3.org/2001/XMLSchema-instance" xsi:schemaLocation="http://www.mulesoft.org/schema/mule/core http://www.mulesoft.org/schema/mule/core/current/mule.xsd
http://www.mulesoft.org/schema/mule/ee/core http://www.mulesoft.org/schema/mule/ee/core/current/mule-ee.xsd
http://www.mulesoft.org/schema/mule/http http://www.mulesoft.org/schema/mule/http/current/mule-http.xsd
http://www.mulesoft.org/schema/mule/validation http://www.mulesoft.org/schema/mule/validation/current/mule-validation.xsd
http://www.mulesoft.org/schema/mule/xml-module http://www.mulesoft.org/schema/mule/xml-module/current/mule-xml-module.xsd">
	<flow name="implementation:mainFlow" doc:id="0fcc185a-51c2-4292-86b8-afdea81ea4b5" >
		<set-variable value="#[correlationId]" doc:name="Set Correlation Id" doc:id="cc174e38-afd5-410f-90fc-d6b2120ef2cb" variableName="correlationId" />
		<logger level="INFO" doc:name="Process Start" doc:id="92a99113-139b-4144-a1d8-d7781a646afa" category="com.cummins.esb" message="PROCESS :: #[flow.name] :: STARTED :: CORRELATIONID :: #[vars.correlationId] "/>
		<logger level="INFO" doc:name="Log Original Payload DEBUG" doc:id="e32927dc-7ce8-42a3-9a14-f2fec539af22" message="ORIGINAL PAYLOAD :: #[payload.body] " category="com.cummins.esb"/>
		<logger level="INFO" doc:name="Activity Start" doc:id="697eea1c-9b8b-46ee-9572-002c6a00dc8c" message="ACTIVITY :: &lt;INVOKE IMPLEMENTATION FLOW&gt; :: STARTED" category="com.cummins.esb"/>
		<flow-ref doc:name="implementation:invokeProcessAPIsubFlow" doc:id="a948bdaf-7bad-4edd-b141-dde20abac80b" name="implementation:invokeProcessAPIsubFlow"/>
		<logger level="INFO" doc:name="Activity End" doc:id="dd35017e-9f63-41f2-adae-128c9a3be13e" message="ACTIVITY :: &lt;INVOKE IMPLEMENTATION FLOW&gt; :: FINISHED" category="com.cummins.esb"/>
		<logger level="INFO" doc:name="Log Response DEBUG" doc:id="d4f5edc4-80b7-4da5-9f17-4cfcd9a391e7" message="#[flow.Name] :: RESPONSE :: #[payload]" category="com.cummins.esb"/>
		<logger level="INFO" doc:name="Process End" doc:id="e495534e-edce-4f32-9990-53ed47927367" message="PROCESS :: #[flow.name] :: FINISHED :: CORRELATIONID :: #[vars.correlationId]" category="com.cummins.esb"/>
	</flow>
	<sub-flow name="implementation:invokeProcessAPIsubFlow" doc:id="edafb748-a9a8-4953-8927-3081cb9dd8d5" >
		<ee:transform doc:name="Store Request Payload" doc:id="c1656cb0-806e-40e2-b80f-0de77f06b1de" >
			<ee:message >
				<ee:set-payload ><![CDATA[%dw 2.0
output application/xml
---
payload.body]]></ee:set-payload>
			</ee:message>
			<ee:variables >
				<ee:set-variable variableName="requestPayload" ><![CDATA[%dw 2.0
output application/xml
---
payload.body]]></ee:set-variable>
			</ee:variables>
		</ee:transform>
		<ee:transform doc:name="Set Request" doc:id="a4df9416-834f-4d69-804b-7174faacacc8">
			<ee:message>
				<ee:set-payload><![CDATA[%dw 2.0
output application/json
---
{
	Header: {
		TO_SYSTEM: payload.creditManagementRequest.TO_SYSTEM,
		FROM_SYSTEM: payload.creditManagementRequest.FROM_SYSTEM
	},
	DataArea: {
		BATCHID: payload.creditManagementRequest.*DETAIL[0].EVENT_ID,
		ToPODoc: [
			{
				PONum: payload.creditManagementRequest.*DETAIL[0].PO_NUMBER
			}
		]
	}
}]]></ee:set-payload>
			</ee:message>
			<ee:variables>
			</ee:variables>
		</ee:transform>
		<logger level="INFO" doc:name="Activity Start" doc:id="a857fca0-f866-4a26-9ae2-64c3e0f1f345" message="ACTIVITY :: &lt;CALLING PROCESS API&gt; :: STARTED :: #[payload]" category="com.cummins.esb" />
		<http:request method="POST" doc:name="Invoke Process API" doc:id="3a852cbb-9d25-4d82-889d-d49d511c8839" config-ref="MULE_HTTP_Request_configuration" path="${httpRequester.path}" responseTimeout="120000">
			<http:response-validator >
				<http:success-status-code-validator values="200,520" />
			</http:response-validator>
		</http:request>
		<logger level="INFO" doc:name="Activity End" doc:id="7be8d1d6-f8e1-4be0-8468-d0e3b30e3ca9" message="ACTIVITY :: &lt;CALLING PROCESS API&gt; :: FINISHED ::" category="com.cummins.esb" />
		<ee:transform doc:name="Set Response" doc:id="7700d998-0be4-4798-a720-afb605c9423d">
			<ee:message>
				<ee:set-payload><![CDATA[%dw 2.0
output application/xml
---
{
    creditManagementResponse: {
    	TO_SYSTEM: vars.requestPayload.creditManagementRequest.FROM_SYSTEM,
    	FROM_SYSTEM: "DBS",
    	DETAIL: vars.requestPayload.creditManagementRequest.*DETAIL map {
			EVENT_ID: $.EVENT_ID,
			PO_NUMBER: $.PO_NUMBER,
			PO_LINE_NUMBER: $.PO_LINE_NUMBER,
			CREDIT_CHK_FLAG: payload.entry.*link[1].inline.feed.entry.content.properties.CheckFlag,
			STATUS_MSG: if(attributes.statusCode == 520) "Connectivity issue" else payload.entry.*link[1].inline.feed.entry.content.properties.StatusMsg,
			STATUS_CODE: if(payload.entry.*link[1].inline.feed.entry.content.properties.CheckFlag == "Y") "Success" else "Fail"
		}    
    }
}]]></ee:set-payload>
			</ee:message>
		</ee:transform>
	</sub-flow>
</mule>
